n,MAE,RMSE,MAPE,Bias,Corr
4416,232.10676358635757,325.36265234253995,15.58507223422459,-175.6369305186453,0.9619191940635885
