Province,struct_share
Calabria,0.2186231440262516
South Italy,0.7813768559737483
